Artifact ID,Date,Device,Type,Filename,SHA-256,Notes
A-0001,2025-09-08,Moto Stylus 5G,Log,mount_snapshot_20250908.txt,8bc5a21f7d4b3cffeca33f1a15a7310db062a5748203dffce73e0ed4908e7c64,Partition snapshot
A-0002,2025-09-08,Moto Stylus 5G,Log,selinux_status_20250908.txt,e3b0c44298fc1c149afbf4c8996fb92427ae41e4649b934ca495991b7852b855,SELinux status (no-root context)
A-0003,2025-09-08,Moto Stylus 5G,Log,process_list_20250908.txt,e3b0c44298fc1c149afbf4c8996fb92427ae41e4649b934ca495991b7852b855,Processes containing system
A-0004,2025-09-09,Moto Stylus 5G,Certificates,java_cacerts_20250909.txt,ccb459c16791de9778792da38345fbbfc0e5b63fa8cf3f273e46eadda4447840,Java cacerts (113 entries)
A-0005,2025-09-09,Moto Stylus 5G,Certificates,java_cacerts_verbose_20250909.txt,026a12dfa6121ddc831b9bb8931fb4bc674ca9b63c5d22a0ecff5d774f44d0e3,Java cacerts (verbose)
A-0006,2025-09-09,Moto Stylus 5G,Certificates,java_cacerts_flags_20250909.txt,11aa53d9987198e8eaa103c1156cdf8d317a33c5cbb8881f5ca8ce168610090c,Filtered roots: AddTrust/Microsoft/Sectigo/VeriSign
A-0007,2025-09-09,Moto Stylus 5G,Certificates,android_cacerts_ls_20250909.txt,644fa4c0dfdd8619ec4ad09e6bb262f92c5c6a31d399e12e95508067156d6f4b,Android /system/etc/security/cacerts index
A-0008,2025-09-09,Moto Stylus 5G,Certificates,android_cert_01419da9.pem,cc3e78e8ab5489417c5839714f6742779c7ca6d0d9e07b538fc7bf5f3a71febf,Android CA (Microsoft ECC Root 2017)
A-0009,2025-09-09,Moto Stylus 5G,Certificates,android_cert_01419da9.pem,35:8D:F3:9D:76:4A:F9:E1:B7:66:E9:C9:72:DF:35:2E:E1:5C:FA:C2:27:AF:6A:D1:D7:0E:8E:4A:6E:DC:BA:02,Subject=Microsoft ECC Root Certificate Authority 2017
A-0010,2025-09-09,Moto Stylus 5G,Certificates,android_cacerts_fingerprints_20250909.txt,bc527d5da21086c0a6cc5c3a45c5ebeb5c8d83613b8615a17f2b81ae508a7241,Android CA subjects + SHA256 fingerprints
A-0011,2025-09-09,Moto Stylus 5G,Certificates,android_cacerts_redflags_20250909.txt,aceb7f855d406b2ca065f2d3542b7e6c3a93459182cb1f78d8d48efcbbcfaf55,Red-flag roots subset
